{
  "swagger": "2.0",
  "info": {
    "description": "this is description field",
    "version": "1.0.0",
    "title": "this is title field",
    "contact": {
      "email": "dummy@email.com"
    },
    "license": {
      "name": "MIT",
      "url": "https://opensource.org/licences/MIT"
    }
  },
  "tags": [
    {
      "name": "index api",
      "description": "api for index"
    },
    {
      "name": "user api",
      "description": "sample api for user"
    },
    {
      "name": "game api",
      "description": "some api for game"
    }
  ],
  "host": "game-env.eba-9fppu8jx.us-east-2.elasticbeanstalk.com",
  "paths": {
    "/api/index": {
      "get": {
        "tags": ["index api"],
        "summary": "welcome page of api",
        "responses": {
          "200": {
            "description": "OK"
          }
        }
      }
    },
    "/api/user": {
      "get": {
        "tags": ["user api"],
        "summary": "this is the home page for  user api",
        "responses": {
          "200": {
            "description": "OK"
          }
        }
      }
    },
    "/api/user/address_auto_complete": {
      "get": {
        "tags": ["user api"],
        "summary": "get auto generated address",
        "parameters": [
          {
            "in": "query",
            "name": "address",
            "description": "provide address for auto complete",
            "required": true,
            "type": "string"
          }
        ],
        "responses": {
          "200": {
            "description": "OK"
          },
          "400": {
            "description": "did not provide address"
          }
        }
      }
    },
    "/api/user/register": {
      "get": {
        "tags": ["user api"],
        "summary": "no idea why i'll implement GET for registration",
        "responses": {
          "200": {
            "description": "OK"
          }
        }
      },
      "post": {
        "tags": ["user api"],
        "summary": "provide some user info and register as a new user",
        "parameters": [
          {
            "in": "formData",
            "name": "first_name",
            "description": "you first name",
            "required": true,
            "type": "string"
          },
          {
            "in": "formData",
            "name": "last_name",
            "description": "your last name",
            "required": true,
            "type": "string"
          },
          {
            "in": "formData",
            "name": "email",
            "description": "your email",
            "required": true,
            "type": "string"
          },
          {
            "in": "formData",
            "name": "password",
            "description": "your password",
            "required": true,
            "type": "string"
          },
          {
            "in": "formData",
            "name": "address",
            "description": "you living address",
            "required": true,
            "type": "string"
          }
        ],
        "responses": {
          "200": {
            "description": "OK"
          },
          "400": {
            "description": "if some fields are not provides"
          }
        }
      }
    },
    "/api/user/activate_account/{token}": {
      "get": {
        "tags": ["user api"],
        "summary": "click this activation link and your account will be activated",
        "parameters": [
          {
            "in": "path",
            "name": "token",
            "description": "a timed JWT token",
            "type": "string",
            "required": false
          }
        ],
        "responses": {
          "200": {
            "description": "OK"
          },
          "400": {
            "description": "Token expired or invalid"
          }
        }
      }
    },
    "/api/user/request_activate_account": {
      "get": {
        "tags": ["user api"],
        "summary": "I dont know why I have GET for it",
        "responses": {
          "200": {
            "description": "OK"
          }
        }
      },
      "post": {
        "tags": ["user api"],
        "summary": "send an activation link to you email",
        "parameters": [
          {
            "in": "formData",
            "name": "email",
            "description": "your email",
            "type": "string",
            "required": true
          }
        ],
        "responses": {
          "200": {
            "description": "OK"
          },
          "400": {
            "description": "maybe you are currently logged in, or you email has been activated"
          }
        }
      }
    },
    "/api/user/login":{
      "get": {
        "summary": "you cannot login with GET",
        "tags": ["user api"],
        "responses": {
          "200": {
            "description": "OK"
          }
        }
      },
      "post": {
        "tags": ["user api"],
        "summary": "provide data and we will try to log you in",
        "parameters": [
          {
            "in": "formData",
            "name": "email",
            "description": "your email",
            "type": "string",
            "required": true
          },
          {
            "in": "formData",
            "name": "password",
            "description": "your little secret",
            "type": "string",
            "required": true
          }
        ],
        "responses": {
          "200": {
            "description": "OK"
          },
          "400":{
            "description": "no email/ no password/ not activated/ "
          },
          "401":{
            "description": "wrong password"
          }
        }
      }
    },
    "/api/user/refresh_token": {
      "post": {
        "tags": ["user api"],
        "summary": "refresh current token",
        "parameters": [
          {
            "in": "header",
            "name": "Authorization",
            "description": "use this format-> refresh_token xxx.xxx.xxx",
            "type": "string",
            "required": false
          }
        ],
        "responses": {
          "200":{
            "description": "A new token generated, save it!!!"
          },
          "400": {
            "description": "refresh_token not found"
          },
          "440": {
            "description": "refresh_token also expired"
          }
        }
      }

    },
    "/api/user/google_login": {
      "post": {
        "tags": ["user api"],
        "summary": "Another way for google login",
        "description": "I put google account authentication and redirects in React. So if use successfully logged in using google, the frontend is expected to send email and other info back to this API endpoint, then it will check if this email appears in our database",
        "parameters": [
          {
            "in": "formData",
            "name": "email",
            "description": "google email",
            "type": "string",
            "required": true
          },
          {
            "in": "formData",
            "name": "first_name",
            "description": "first name from google account",
            "type": "string",
            "required": true
          },
          {
            "in": "formData",
            "name": "last_name",
            "description": "last name from google account",
            "type": "string",
            "required": true
          }
        ],
        "responses": {
          "200": {
            "description": "OK"
          },
          "400": {
            "description": "missing email/ first_name/ last_name"
          }
        }
      }
    },
    "/api/user/profile": {
      "get": {
        "tags": ["user api"],
        "summary": "get profile for current user",
        "parameters": [
          {
            "in": "header",
            "name": "Authorization",
            "description": "the format -> token xxx.xx.xxx",
            "type": "string",
            "required": true
          }
        ],
        "responses": {
          "200": {
            "description": "OK"
          },
          "400": {
            "description": "token required/ account is not activated"
          },
          "440": {
            "description": "token expired"
          }
        }
      },
      "patch": {
        "tags": ["user api"],
        "summary": "update user info",
        "parameters": [
          {
            "in": "formData",
            "name": "first_name",
            "description": "your new first name",
            "type": "string",
            "required": true
          },
          {
            "in": "formData",
            "name": "last_name",
            "description": "your new last name",
            "type": "string",
            "required": true
          },
          {
            "in": "formData",
            "name": "address",
            "description": "your new address",
            "type": "string",
            "required": true
          }
        ],
        "responses": {
          "200": {
            "description": "OK"
          },
          "400": {
            "description": "no first_name/ last_name/ address/ token required/ account is not activated"
          },
          "440": {
            "description": "token expired"
          }
        }
      }
    },
    "/api/user/view_profile/{user_id}": {
      "get": {
        "tags": ["user api"],
        "summary": "see others profile",
        "parameters": [
          {
            "in": "path",
            "name": "user_id",
            "description": "user_id",
            "type": "number",
            "required": true
          }
        ],
        "responses": {
          "200": {
            "description": "OK"
          },
          "404": {
            "description": "No such user"
          }
        }
      }
    },
    "/api/user/forgot_password": {
      "post": {
        "tags": ["user api"],
        "summary": "request to send a reset password email",
        "parameters": [
          {
            "in": "formData",
            "name": "email",
            "description": "your email",
            "type": "string",
            "required": true
          }
        ],
        "responses": {
          "200": {
            "description": "OK"
          },
          "404": {
            "description": "email not found"
          },
          "400": {
            "description": "email not provided"
          }
        }
      }
    },
    "/api/user/reset_password/{token}": {
      "post": {
        "tags": ["user api"],
        "summary": "rest your password",
        "parameters": [
          {
            "in": "formData",
            "name": "password",
            "type": "string",
            "required": true
          },
          {
            "in": "formData",
            "name": "confirm_password",
            "type": "string",
            "required": true
          }
        ],
        "responses": {
          "200": {
            "description": "OK"
          },
          "400": {
            "description": "missing password/confirm_password/ two passwords do not match"
          },
          "440":{
            "description": "link expired"
          }
        }
      }
    },
    "/api/game": {
      "get": {
        "tags": ["game api"],
        "summary": "this is the homepage for game api",
        "responses": {
          "200": {
            "description": "OK"
          }
        }
      }
    },
    "/api/game/{game_title}": {
      "get": {
        "tags": ["game api"],
        "summary": "show all posts in this game",
        "parameters": [
          {
            "in": "path",
            "name": "game_title",
            "description": "title of a specific game",
            "type": "string",
            "required": true
          }
        ],
        "responses": {
          "200": {
            "description": "OK"
          },
          "404": {
            "description": "game_title not found"
          }
        }
      }
    },
    "/api/game/{game_title}/{post_id}": {
      "get": {
        "tags": ["game api"],
        "summary": "get info of a post in a game",
        "parameters": [
          {
            "in": "path",
            "name": "game_title",
            "description": "game title",
            "type": "string",
            "required": true
          },
          {
            "in": "path",
            "name": "post_id",
            "description": "id of this post",
            "type": "number",
            "required": true
          }
        ],
        "responses": {
          "200": {
            "description": "OK"
          },
          "404": {
            "description": "game or post not found"
          },
          "500": {
            "description": "maybe you didn't create the GSI in dynamodb"
          }
        }
      }
    },
    "/api/game/{game_title}/{post_id}/update": {
      "patch": {
        "tags": ["game api"],
        "summary": "update this post if you are the author or admin",
        "parameters": [
          {
            "in": "header",
            "name": "Authorization",
            "description": "token xxx.xxx.xxx",
            "type": "string",
            "required": true
          },
          {
            "in": "path",
            "name": "game_title",
            "type": "string",
            "required": true
          },
          {
            "in": "path",
            "name": "post_id",
            "type": "number",
            "required": true
          },
          {
            "in": "formData",
            "name": "title",
            "type": "string",
            "required": false
          },
          {
            "in": "formData",
            "name": "content",
            "type": "string",
            "required": false
          }
        ],
        "responses": {
          "200": {
            "description": "OK"
          },
          "400": {
            "description": "you are not logged in or have no privilege"
          },
          "440": {
            "description": "token expired"
          }
        }
      }
    },
    "/api/game/{game_title}/{post_id}/delete": {
      "delete": {
        "tags": ["game api"],
        "summary": "delete this post and all comments if you are the author or admin",
        "parameters": [
          {
            "in": "header",
            "name": "Authorization",
            "description": "token xxx.xxx.xxx",
            "type": "string",
            "required": true
          },
          {
            "in": "path",
            "name": "game_title",
            "type": "string",
            "required": true
          },
          {
            "in": "path",
            "name": "post_id",
            "type": "number",
            "required": true
          }
        ],
        "responses": {
          "200": {
            "description": "OK"
          },
          "400": {
            "description": "you are not logged in or have no privilege"
          },
          "440": {
            "description": "token expired"
          }
        }
      }

    },
    "/api/game/{game_title}/new_post": {
      "post": {
        "tags": ["game api"],
        "summary": "create a new post in a game",
        "parameters": [
          {
            "in": "header",
            "name": "Authorization",
            "description": "token xxx.xx.xx",
            "type": "string",
            "required": true
          },
          {
            "in": "formData",
            "name": "title",
            "type": "string",
            "required": true
          },
          {
            "in": "formData",
            "name": "content",
            "type": "string",
            "required": true
          }
        ],
        "responses": {
          "200": {
            "description": "OK"
          },
          "404": {
            "description": "game not found"
          },
          "400": {
            "description": "title or content not provided"
          },
          "440": {
            "description": "token expired"
          }
        }
      }

    },
    "/api/game/{game_title}/{post_id}/create_comment": {
      "post": {
        "tags": ["game api"],
        "summary": "create a comment in a post",
        "parameters": [
          {
            "in": "header",
            "name": "Authorization",
            "description": "token xxx.xx.xx",
            "type": "string",
            "required": true
          },
          {
            "in": "path",
            "name": "game_title",
            "type": "string",
            "required": true
          },
          {
            "in": "path",
            "name": "post_id",
            "type": "number",
            "required": true
          },
          {
            "in": "formData",
            "name": "comment_text",
            "type": "string",
            "required": true
          }
        ],
        "responses": {
          "200": {
            "description": "OK"
          },
          "400":{
            "description": "comment_text is empty"
          },
          "440": {
            "description": "token expired"
          }
        }
      }
    },
    "/api/game/{game_title}/{post_id}/{comment_id}/delete_comment": {
      "delete": {
        "tags": ["game api"],
        "summary": "delete this comment",
        "parameters": [
          {
            "in": "header",
            "name": "Authorization",
            "description": "token xxx.xx.xx",
            "type": "string",
            "required": true
          },
          {
            "in": "path",
            "name": "game_title",
            "type": "string",
            "required": true
          },
          {
            "in": "path",
            "name": "post_id",
            "type": "number",
            "required": true
          },
          {
            "in": "path",
            "name": "comment_id",
            "type": "string",
            "required": true
          }
        ],
        "responses": {
          "200": {
            "description": "OK"
          },
          "400": {
            "description": "you don't have the privilege"
          },
          "440": {
            "description": "token expired"
          }
        }
      }
    },
    "/api/game/{game_title}/{post_id}/{comment_id}/update_comment": {
      "patch": {
        "tags": ["game api"],
        "summary": "update current comment",
        "parameters": [
          {
            "in": "header",
            "name": "Authorization",
            "description": "token xxx.xx.xx",
            "type": "string",
            "required": true
          },
          {
            "in": "path",
            "name": "game_title",
            "type": "string",
            "required": true
          },
          {
            "in": "path",
            "name": "post_id",
            "type": "number",
            "required": true
          },
          {
            "in": "path",
            "name": "comment_id",
            "type": "string",
            "required": true
          },
          {
            "in": "formData",
            "name": "comment_text",
            "type": "string",
            "required": true
          },
          {
            "in": "formData",
            "name": "version_id",
            "type": "string",
            "required": true
          }
        ],
        "responses": {
          "200": {
            "description": "OK"
          },
          "400":{
            "description": "missing comment_text or version_id"
          },
          "417": {
            "description": "version_id does not match"
          },
          "440": {
            "description": "token expired"
          }
        }
      }
    },
    "/api/game/{game_title}/{post_id}/{comment_id}/create_response": {
      "post": {
        "tags": ["game api"],
        "summary": "create a new respose of a comment",
        "parameters": [
          {
            "in": "header",
            "name": "Authorization",
            "description": "token xxx.xx.xx",
            "type": "string",
            "required": true
          },
          {
            "in": "path",
            "name": "game_title",
            "type": "string",
            "required": true
          },
          {
            "in": "path",
            "name": "post_id",
            "type": "number",
            "required": true
          },
          {
            "in": "path",
            "name": "comment_id",
            "type": "string",
            "required": true
          },
          {
            "in": "formData",
            "name": "comment_text",
            "type": "string",
            "required": true
          }
        ],
        "responses": {
          "200":{
            "description": "OK"
          },
          "400": {
            "description": "empty comment_text"
          },
          "440": {
            "description": "token expired"
          }
        }
      }
    },
    "/api/game/{game_title}/{post_id}/{comment_id}/{comment_parent_id}/update_response": {
      "patch": {
        "tags": ["game api"],
        "summary": "update you response",
        "parameters": [
          {
            "in": "header",
            "name": "Authorization",
            "description": "token xxx.xx.xx",
            "type": "string",
            "required": true
          },
          {
            "in": "path",
            "name": "game_title",
            "type": "string",
            "required": true
          },
          {
            "in": "path",
            "name": "post_id",
            "type": "number",
            "required": true
          },
          {
            "in": "path",
            "name": "comment_parent_id",
            "type": "string",
            "required": true
          },
          {
            "in": "path",
            "name": "comment_id",
            "type": "string",
            "required": true
          },
          {
            "in": "formData",
            "name": "comment_text",
            "type": "string",
            "required": true
          }
        ],
        "responses": {
          "200": {
            "description": "OK"
          },
          "400": {
            "description": "missing comment_test or no privilege"
          },
          "440": {
            "description": "token expired"
          }
        }
      }
    },
    "/api/game/{game_title}/{post_id}/{comment_id}/{comment_parent_id}/delete_response": {
      "delete": {
        "tags": ["game api"],
        "summary": "delete your response",
        "parameters": [
          {
            "in": "header",
            "name": "Authorization",
            "description": "token xxx.xx.xx",
            "type": "string",
            "required": true
          },
          {
            "in": "path",
            "name": "game_title",
            "type": "string",
            "required": true
          },
          {
            "in": "path",
            "name": "post_id",
            "type": "number",
            "required": true
          },
          {
            "in": "path",
            "name": "comment_parent_id",
            "type": "string",
            "required": true
          },
          {
            "in": "path",
            "name": "comment_id",
            "type": "string",
            "required": true
          }
        ],
        "responses": {
          "200": {
            "description": "OK"
          },
          "400": {
            "description": "missing comment_test or no privilege"
          },
          "440": {
            "description": "token expired"
          }
        }
      }
    },
    "/api/game/{game_title}/follow": {
      "post": {
        "tags": ["game api"],
        "summary": "follow this game",
        "parameters": [
          {
            "in": "header",
            "name": "Authorization",
            "description": "token xxx.xx.xx",
            "type": "string",
            "required": true
          },
          {
            "in": "path",
            "name": "game_title",
            "type": "string",
            "required": true
          }
        ],
        "responses": {
          "200": {
            "description": "OK"
          },
          "404": {
            "description": "game not found"
          },
          "440": {
            "description": "token expired"
          }
        }
      }
    },
    "/api/game/{game_title}/unfollow": {
      "post": {
        "tags": ["game api"],
        "summary": "unfollow this game",
        "parameters": [
          {
            "in": "header",
            "name": "Authorization",
            "description": "token xxx.xx.xx",
            "type": "string",
            "required": true
          },
          {
            "in": "path",
            "name": "game_title",
            "type": "string",
            "required": true
          }
        ],
        "responses": {
          "200": {
            "description": "OK"
          },
          "404": {
            "description": "game not found"
          },
          "400": {
            "description": "you did not follow this game"
          },
          "440": {
            "description": "token expired"
          }
        }
      }
    }
  }
}